{
  "Arles|Bouches-du-Rhône": {
    "lat": 43.676247,
    "lng": 4.627625
  },
  "Aix-en-Provence|Bouches-du-Rhône": {
    "lat": 43.528618,
    "lng": 5.447729
  },
  "Marseille - Le Vieux-Port|Bouches-du-Rhône": {
    "lat": 43.294235,
    "lng": 5.377085
  },
  "Les Baux-de-Provence|Bouches-du-Rhône": {
    "lat": 43.743843,
    "lng": 4.795231
  },
  "Salon-de-Provence|Bouches-du-Rhône": {
    "lat": 43.639893,
    "lng": 5.098267
  },
  "La Ciotat|Bouches-du-Rhône": {
    "lat": 43.17499,
    "lng": 5.608285
  },
  "Martigues|Bouches-du-Rhône": {
    "lat": 43.405506,
    "lng": 5.055378
  },
  "Saint-Rémy-de-Provence|Bouches-du-Rhône": {
    "lat": 43.788704,
    "lng": 4.830073
  },
  "Cassis|Bouches-du-Rhône": {
    "lat": 43.214214,
    "lng": 5.539568
  },
  "Château d'If|Bouches-du-Rhône": {
    "lat": 43.28351,
    "lng": 5.351887
  },
  "L'Abbaye de Saint-Victor|Bouches-du-Rhône": {
    "lat": 43.290386,
    "lng": 5.369595
  },
  "La Camargue|Bouches-du-Rhône": {
    "lat": 43.643337,
    "lng": 5.090617
  },
  "Lavande à Sénanque|Bouches-du-Rhône": {
    "lat": 43.296174,
    "lng": 5.369953
  },
  "Saintes-Maries-de-la-Mer|Bouches-du-Rhône": {
    "lat": 43.452152,
    "lng": 4.428665
  },
  "L'Église Saint-Trophime d'Arles|Bouches-du-Rhône": {
    "lat": 43.784437,
    "lng": 4.805827
  },
  "Les Calanques de Marseille|Bouches-du-Rhône": {
    "lat": 43.229143,
    "lng": 5.404059
  },
  "Le Sentier des Ocres|Bouches-du-Rhône": {
    "lat": 43.494839,
    "lng": 5.587884
  },
  "Le Rove|Bouches-du-Rhône": {
    "lat": 43.36981,
    "lng": 5.250916
  },
  "Les Alpilles|Bouches-du-Rhône": {
    "lat": 43.273127,
    "lng": 5.367873
  },
  "Plage de la Corniche, Marseille|Bouches-du-Rhône": {
    "lat": 43.276493,
    "lng": 5.358232
  },
  "Calanque d'En-Vau, Cassis|Bouches-du-Rhône": {
    "lat": 43.214214,
    "lng": 5.539568
  },
  "Plage de Sainte-Croix, Martigues|Bouches-du-Rhône": {
    "lat": 43.339478,
    "lng": 5.078243
  },
  "Plage de l'Arène, Cassis|Bouches-du-Rhône": {
    "lat": 43.213704,
    "lng": 5.540159
  },
  "Plage des Catalans, Marseille|Bouches-du-Rhône": {
    "lat": 43.291969,
    "lng": 5.355754
  },
  "Plage de la Couronne, Martigues|Bouches-du-Rhône": {
    "lat": 43.340902,
    "lng": 5.06834
  },
  "Plage de Piemanson, Salin-de-Giraud|Bouches-du-Rhône": {
    "lat": 43.415123,
    "lng": 4.734283
  },
  "Plage de la Romaniquette, Istres|Bouches-du-Rhône": {
    "lat": 43.51049,
    "lng": 4.999422
  },
  "Plage du Prado, Marseille|Bouches-du-Rhône": {
    "lat": 43.269353,
    "lng": 5.38609
  },
  "Plage de la Capelière, Salin-de-Giraud|Bouches-du-Rhône": {
    "lat": 43.415123,
    "lng": 4.734283
  },
  "Marseille|Bouches-du-Rhône": {
    "lat": 43.294235,
    "lng": 5.377085
  },
  "Roussillon|Bouches-du-Rhône": {
    "lat": 43.296174,
    "lng": 5.369953
  },
  "Aigues-Mortes|Bouches-du-Rhône": {
    "lat": 43.482096,
    "lng": 4.388882
  },
  "Plan-d'Aups-Sainte-Baume|Bouches-du-Rhône": {
    "lat": 43.365642,
    "lng": 5.648535
  },
  "Tarascon|Bouches-du-Rhône": {
    "lat": 43.803913,
    "lng": 4.656028
  },
  "Aubagne|Bouches-du-Rhône": {
    "lat": 43.292553,
    "lng": 5.567853
  },
  "Alleins|Bouches-du-Rhône": {
    "lat": 43.703278,
    "lng": 5.162
  },
  "Cadolive|Bouches-du-Rhône": {
    "lat": 43.39617,
    "lng": 5.545066
  },
  "Gardanne|Bouches-du-Rhône": {
    "lat": 43.45415,
    "lng": 5.468363
  },
  "Istres|Bouches-du-Rhône": {
    "lat": 43.51262,
    "lng": 4.987793
  },
  "Mallemort|Bouches-du-Rhône": {
    "lat": 43.729343,
    "lng": 5.177553
  },
  "Meyrargues|Bouches-du-Rhône": {
    "lat": 43.638237,
    "lng": 5.528017
  },
  "Plan-d'Orgon|Bouches-du-Rhône": {
    "lat": 43.807465,
    "lng": 4.99541
  },
  "Port-Saint-Louis-du-Rhône|Bouches-du-Rhône": {
    "lat": 43.388153,
    "lng": 4.803227
  },
  "Rousset|Bouches-du-Rhône": {
    "lat": 43.48114,
    "lng": 5.622063
  },
  "Septèmes-les-Vallons|Bouches-du-Rhône": {
    "lat": 43.3983,
    "lng": 5.365704
  },
  "Vitrolles|Bouches-du-Rhône": {
    "lat": 43.458874,
    "lng": 5.248085
  },
  "Eyguières|Bouches-du-Rhône": {
    "lat": 43.694786,
    "lng": 5.030365
  },
  "Fos-sur-Mer|Bouches-du-Rhône": {
    "lat": 43.436203,
    "lng": 4.944568
  },
  "Miramas|Bouches-du-Rhône": {
    "lat": 43.582615,
    "lng": 5.001333
  },
  "Lambesc|Bouches-du-Rhône": {
    "lat": 43.655235,
    "lng": 5.262165
  },
  "Carry-le-Rouet|Bouches-du-Rhône": {
    "lat": 43.330822,
    "lng": 5.152412
  },
  "Rognes|Bouches-du-Rhône": {
    "lat": 43.663868,
    "lng": 5.347445
  },
  "Pélissanne|Bouches-du-Rhône": {
    "lat": 43.631145,
    "lng": 5.150571
  },
  "Trets|Bouches-du-Rhône": {
    "lat": 43.447895,
    "lng": 5.686649
  },
  "Mimet|Bouches-du-Rhône": {
    "lat": 43.413982,
    "lng": 5.505067
  },
  "Aurons|Bouches-du-Rhône": {
    "lat": 43.664223,
    "lng": 5.156074
  },
  "Cornillon-Confoux|Bouches-du-Rhône": {
    "lat": 43.56209,
    "lng": 5.071046
  },
  "Vernègues|Bouches-du-Rhône": {
    "lat": 43.685673,
    "lng": 5.16992
  },
  "La Roque-d'Anthéron|Bouches-du-Rhône": {
    "lat": 43.71647,
    "lng": 5.310234
  },
  "Gémenos|Bouches-du-Rhône": {
    "lat": 43.29611,
    "lng": 5.629212
  },
  "Lançon-Provence|Bouches-du-Rhône": {
    "lat": 43.591841,
    "lng": 5.124005
  },
  "Vauvenargues|Bouches-du-Rhône": {
    "lat": 43.55539,
    "lng": 5.600802
  },
  "Ventabren|Bouches-du-Rhône": {
    "lat": 43.53876,
    "lng": 5.294204
  },
  "Eygalières|Bouches-du-Rhône": {
    "lat": 43.76071,
    "lng": 4.950063
  },
  "Calanque de Sormiou, Marseille|Bouches-du-Rhône": {
    "lat": 43.226746,
    "lng": 5.403358
  },
  "Plage de la Grande Mer, Cassis|Bouches-du-Rhône": {
    "lat": 43.609558,
    "lng": 5.064429
  },
  "Plage de la Pointe Rouge, Marseille|Bouches-du-Rhône": {
    "lat": 43.24447,
    "lng": 5.372065
  },
  "Plage du Corton, Cassis|Bouches-du-Rhône": {
    "lat": 43.214214,
    "lng": 5.539568
  },
  "Plage de Carro, Martigues|Bouches-du-Rhône": {
    "lat": 43.332882,
    "lng": 5.047138
  },
  "Plage de Bonnieu, Martigues|Bouches-du-Rhône": {
    "lat": 43.330602,
    "lng": 5.037536
  },
  "Allauch|Bouches-du-Rhône": {
    "lat": 43.335686,
    "lng": 5.482282
  },
  "Tanneron|Bouches-du-Rhône": {
    "lat": 43.296174,
    "lng": 5.369953
  },
  "Cheval-Blanc|Bouches-du-Rhône": {
    "lat": 43.652437,
    "lng": 5.262514
  },
  "Saint-Cannat|Bouches-du-Rhône": {
    "lat": 43.62125,
    "lng": 5.297822
  },
  "Ceyreste|Bouches-du-Rhône": {
    "lat": 43.214058,
    "lng": 5.631438
  },
  "Maussane-les-Alpilles|Bouches-du-Rhône": {
    "lat": 43.720943,
    "lng": 4.805078
  },
  "Velaux|Bouches-du-Rhône": {
    "lat": 43.522995,
    "lng": 5.253794
  },
  "Puyloubier|Bouches-du-Rhône": {
    "lat": 43.526005,
    "lng": 5.674475
  },
  "Mouriès|Bouches-du-Rhône": {
    "lat": 43.688927,
    "lng": 4.871893
  },
  "Simiane-Collongue|Bouches-du-Rhône": {
    "lat": 43.429826,
    "lng": 5.434774
  },
  "Saint-Martin-de-Crau|Bouches-du-Rhône": {
    "lat": 43.638332,
    "lng": 4.810598
  },
  "Cabriès|Bouches-du-Rhône": {
    "lat": 43.44111,
    "lng": 5.379838
  },
  "Châteaurenard|Bouches-du-Rhône": {
    "lat": 43.882847,
    "lng": 4.854252
  },
  "Fontvieille|Bouches-du-Rhône": {
    "lat": 43.725548,
    "lng": 4.70832
  },
  "Miramas-le-Vieux|Bouches-du-Rhône": {
    "lat": 43.582615,
    "lng": 5.001333
  },
  "Sausset-les-Pins|Bouches-du-Rhône": {
    "lat": 43.331306,
    "lng": 5.108012
  },
  "Grans|Bouches-du-Rhône": {
    "lat": 43.607414,
    "lng": 5.063568
  },
  "Oppède|Bouches-du-Rhône": {
    "lat": 43.296174,
    "lng": 5.369953
  },
  "Châteauneuf-les-Martigues|Bouches-du-Rhône": {
    "lat": 43.383442,
    "lng": 5.164329
  },
  "Paradou|Bouches-du-Rhône": {
    "lat": 43.718,
    "lng": 4.784064
  },
  "Plage de la Catalane, Marseille|Bouches-du-Rhône": {
    "lat": 43.294235,
    "lng": 5.377085
  },
  "Plage du Prophète, Marseille|Bouches-du-Rhône": {
    "lat": 43.314726,
    "lng": 5.379397
  },
  "Gigondas|Bouches-du-Rhône": {
    "lat": 43.296174,
    "lng": 5.369953
  },
  "Luminy|Bouches-du-Rhône": {
    "lat": 43.296174,
    "lng": 5.369953
  },
  "Bedoin|Bouches-du-Rhône": {
    "lat": 43.296174,
    "lng": 5.369953
  },
  "Sarlat-la-Canéda|Dordogne": {
    "lat": 44.891234,
    "lng": 1.215442
  },
  "Beynac-et-Cazenac|Dordogne": {
    "lat": 44.83967,
    "lng": 1.142649
  },
  "La Roque-Gageac|Dordogne": {
    "lat": 44.823997,
    "lng": 1.184093
  },
  "Brantôme en Périgord|Dordogne": {
    "lat": 45.363735,
    "lng": 0.646627
  },
  "Les Eyzies|Dordogne": {
    "lat": 44.935993,
    "lng": 1.012499
  },
  "Montignac|Dordogne": {
    "lat": 44.71264,
    "lng": -0.224337
  },
  "Saint-Léon-sur-Vézère|Dordogne": {
    "lat": 45.011253,
    "lng": 1.089039
  },
  "Domme|Dordogne": {
    "lat": 44.802437,
    "lng": 1.214648
  },
  "Périgueux|Dordogne": {
    "lat": 45.184132,
    "lng": 0.720619
  },
  "Cadouin|Dordogne": {
    "lat": 44.812137,
    "lng": 0.87324
  },
  "Monpazier|Dordogne": {
    "lat": 44.680412,
    "lng": 0.894637
  },
  "Trémolat|Dordogne": {
    "lat": 44.876087,
    "lng": 0.830734
  },
  "Issigeac|Dordogne": {
    "lat": 44.730965,
    "lng": 0.606382
  },
  "Le Bugue|Dordogne": {
    "lat": 44.918247,
    "lng": 0.927171
  },
  "Limeuil|Dordogne": {
    "lat": 44.884155,
    "lng": 0.888476
  },
  "Saint-Astier|Dordogne": {
    "lat": 45.145836,
    "lng": 0.529271
  },
  "La Roche-Chalais|Dordogne": {
    "lat": 45.15295,
    "lng": 0.008078
  },
  "Thiviers|Dordogne": {
    "lat": 45.41451,
    "lng": 0.919919
  },
  "Saint-Cyprien|Dordogne": {
    "lat": 44.869244,
    "lng": 1.041615
  },
  "Eymet|Dordogne": {
    "lat": 44.666813,
    "lng": 0.395463
  },
  "Bergerac|Dordogne": {
    "lat": 44.85171,
    "lng": 0.485137
  },
  "Salignac-Eyvigues|Dordogne": {
    "lat": 44.97418,
    "lng": 1.322252
  },
  "Lalinde|Dordogne": {
    "lat": 44.836014,
    "lng": 0.739977
  },
  "Belvès|Dordogne": {
    "lat": 44.759306,
    "lng": 0.918209
  },
  "Villefranche-du-Périgord|Dordogne": {
    "lat": 44.63111,
    "lng": 1.076409
  },
  "Paunat|Dordogne": {
    "lat": 44.90521,
    "lng": 0.859347
  },
  "Molières|Dordogne": {
    "lat": 44.810993,
    "lng": 0.823812
  },
  "Le Buisson-de-Cadouin|Dordogne": {
    "lat": 44.8461,
    "lng": 0.908083
  },
  "La Roque-Saint-Christophe|Dordogne": {
    "lat": 46.920498,
    "lng": 0.371321
  },
  "Coulaures|Dordogne": {
    "lat": 45.30657,
    "lng": 0.982242
  },
  "Simeyrols|Dordogne": {
    "lat": 44.90854,
    "lng": 1.33945
  },
  "Urval|Dordogne": {
    "lat": 44.81252,
    "lng": 0.948944
  },
  "Badefols-sur-Dordogne|Dordogne": {
    "lat": 44.842937,
    "lng": 0.790343
  },
  "Fanlac|Dordogne": {
    "lat": 45.065502,
    "lng": 1.095911
  },
  "Chalais|Dordogne": {
    "lat": 45.507294,
    "lng": 0.928466
  },
  "Saint-Rabier|Dordogne": {
    "lat": 45.16926,
    "lng": 1.153944
  },
  "Thonac|Dordogne": {
    "lat": 45.02225,
    "lng": 1.115993
  },
  "La Chapelle-Aubareil|Dordogne": {
    "lat": 45.01281,
    "lng": 1.182639
  },
  "Sergeac|Dordogne": {
    "lat": 45.00268,
    "lng": 1.106079
  },
  "Saint-Avit-Sénieur|Dordogne": {
    "lat": 44.774292,
    "lng": 0.81576
  },
  "Saint-Sulpice-de-Mareuil|Dordogne": {
    "lat": 45.465921,
    "lng": 0.521397
  },
  "Audrix|Dordogne": {
    "lat": 44.880604,
    "lng": 0.947314
  },
  "Ajat|Dordogne": {
    "lat": 45.155804,
    "lng": 1.016751
  },
  "Alles-sur-Dordogne|Dordogne": {
    "lat": 44.85903,
    "lng": 0.86677
  },
  "Sainte-Croix|Dordogne": {
    "lat": 44.740105,
    "lng": 0.830319
  },
  "Conques|Aveyron": {
    "lat": 44.599155,
    "lng": 2.397469
  },
  "Rodez|Aveyron": {
    "lat": 44.3493,
    "lng": 2.575712
  },
  "Najac|Aveyron": {
    "lat": 44.219963,
    "lng": 1.97877
  },
  "Sainte-Eulalie-d'Olt|Aveyron": {
    "lat": 44.464188,
    "lng": 2.946099
  },
  "Espalion|Aveyron": {
    "lat": 44.521584,
    "lng": 2.762895
  },
  "Millau|Aveyron": {
    "lat": 44.098827,
    "lng": 3.078468
  },
  "Estaing|Aveyron": {
    "lat": 44.55346,
    "lng": 2.672191
  },
  "Sauveterre-de-Rouergue|Aveyron": {
    "lat": 44.22116,
    "lng": 2.317197
  },
  "Villefranche-de-Rouergue|Aveyron": {
    "lat": 44.35175,
    "lng": 2.037128
  },
  "Saint-Côme-d'Olt|Aveyron": {
    "lat": 44.514923,
    "lng": 2.815285
  },
  "Belcastel|Aveyron": {
    "lat": 44.388115,
    "lng": 2.335767
  },
  "La Couvertoirade|Aveyron": {
    "lat": 43.912476,
    "lng": 3.316838
  },
  "Bozouls|Aveyron": {
    "lat": 44.46972,
    "lng": 2.720156
  },
  "Sévérac-le-Château|Aveyron": {
    "lat": 44.186239,
    "lng": 2.076749
  },
  "Brousse-le-Château|Aveyron": {
    "lat": 43.997322,
    "lng": 2.624574
  },
  "Peyrusse-le-Roc|Aveyron": {
    "lat": 44.495346,
    "lng": 2.141485
  },
  "Saint-Beauzély|Aveyron": {
    "lat": 44.16654,
    "lng": 2.95781
  },
  "Entraygues-sur-Truyère|Aveyron": {
    "lat": 44.64401,
    "lng": 2.565527
  },
  "Martrin|Aveyron": {
    "lat": 43.938435,
    "lng": 2.619914
  },
  "Salles-la-Source|Aveyron": {
    "lat": 44.436844,
    "lng": 2.513396
  },
  "Mur-de-Barrez|Aveyron": {
    "lat": 44.843903,
    "lng": 2.660439
  },
  "Saint-Parthem|Aveyron": {
    "lat": 44.626667,
    "lng": 2.317128
  },
  "Broquiès|Aveyron": {
    "lat": 44.004944,
    "lng": 2.69602
  },
  "Le Nayrac|Aveyron": {
    "lat": 44.61278,
    "lng": 2.662886
  },
  "Saint-Laurent-de-Lévézou|Aveyron": {
    "lat": 44.208992,
    "lng": 2.958333
  },
  "Agen-d'Aveyron|Aveyron": {
    "lat": 44.358803,
    "lng": 2.680562
  },
  "Rignac|Aveyron": {
    "lat": 44.410137,
    "lng": 2.288193
  },
  "Grand-Vabre|Aveyron": {
    "lat": 44.83797,
    "lng": 2.767981
  },
  "Saint-Félix-de-Sorgues|Aveyron": {
    "lat": 43.883823,
    "lng": 2.983843
  },
  "Marcillac-Vallon|Aveyron": {
    "lat": 44.472633,
    "lng": 2.465514
  },
  "Villefranche-de-Panat|Aveyron": {
    "lat": 44.0879,
    "lng": 2.704373
  },
  "Laguiole|Aveyron": {
    "lat": 44.68403,
    "lng": 2.84804
  },
  "Toulouse|Haute-Garonne": {
    "lat": 43.60372,
    "lng": 1.445711
  },
  "Saint-Bertrand-de-Comminges|Haute-Garonne": {
    "lat": 43.026917,
    "lng": 0.571095
  },
  "Revel|Haute-Garonne": {
    "lat": 43.458393,
    "lng": 2.003828
  },
  "Rieux-Volvestre|Haute-Garonne": {
    "lat": 43.257133,
    "lng": 1.194498
  },
  "Carbonne|Haute-Garonne": {
    "lat": 43.293995,
    "lng": 1.226612
  },
  "L'Isle-en-Dodon|Haute-Garonne": {
    "lat": 43.38044,
    "lng": 0.837042
  },
  "Bagnères-de-Luchon|Haute-Garonne": {
    "lat": 42.790817,
    "lng": 0.59118
  },
  "Martres-Tolosane|Haute-Garonne": {
    "lat": 43.198914,
    "lng": 1.010035
  },
  "Saint-Lys|Haute-Garonne": {
    "lat": 43.514526,
    "lng": 1.177307
  },
  "Cazères|Haute-Garonne": {
    "lat": 43.206684,
    "lng": 1.086243
  },
  "Rieux|Haute-Garonne": {
    "lat": 42.939172,
    "lng": 0.655155
  },
  "Venerque|Haute-Garonne": {
    "lat": 43.433037,
    "lng": 1.442984
  },
  "Montréjeau|Haute-Garonne": {
    "lat": 43.08572,
    "lng": 0.567093
  },
  "Aspet|Haute-Garonne": {
    "lat": 43.015694,
    "lng": 0.803774
  },
  "Le Fousseret|Haute-Garonne": {
    "lat": 43.281128,
    "lng": 1.066
  },
  "Samatan|Haute-Garonne": {
    "lat": 43.366961,
    "lng": 1.02328
  },
  "Vaulx|Haute-Garonne": {
    "lat": 43.45519,
    "lng": 1.835858
  },
  "Boulogne-sur-Gesse|Haute-Garonne": {
    "lat": 43.290154,
    "lng": 0.645584
  },
  "Rabastens-de-Bigorre|Haute-Garonne": {
    "lat": 43.316697,
    "lng": 1.650161
  },
  "Pibrac|Haute-Garonne": {
    "lat": 43.616962,
    "lng": 1.280519
  },
  "Villemur-sur-Tarn|Haute-Garonne": {
    "lat": 43.86487,
    "lng": 1.503995
  },
  "Castelginest|Haute-Garonne": {
    "lat": 43.692734,
    "lng": 1.42785
  },
  "Rambertville|Haute-Garonne": {
    "lat": 43.604462,
    "lng": 1.444247
  },
  "Castelmaurou|Haute-Garonne": {
    "lat": 43.677135,
    "lng": 1.530954
  },
  "Alan|Haute-Garonne": {
    "lat": 43.22995,
    "lng": 0.939107
  },
  "Saint-Lary|Haute-Garonne": {
    "lat": 43.209792,
    "lng": 0.701878
  },
  "Aurignac|Haute-Garonne": {
    "lat": 43.21732,
    "lng": 0.881451
  },
  "Cazères-sur-Garonne|Haute-Garonne": {
    "lat": 43.206684,
    "lng": 1.086243
  },
  "Montardit|Haute-Garonne": {
    "lat": 43.604462,
    "lng": 1.444247
  },
  "Saint-Frajou|Haute-Garonne": {
    "lat": 43.333515,
    "lng": 0.848856
  },
  "Auzas|Haute-Garonne": {
    "lat": 43.169308,
    "lng": 0.884935
  },
  "Frontignan-de-Comminges|Haute-Garonne": {
    "lat": 42.970715,
    "lng": 0.658472
  },
  "Saubens|Haute-Garonne": {
    "lat": 43.478397,
    "lng": 1.348029
  },
  "Arbas|Haute-Garonne": {
    "lat": 42.99592,
    "lng": 0.907964
  },
  "Castillon-en-Couserans|Haute-Garonne": {
    "lat": 43.304531,
    "lng": 0.88027
  },
  "Bordeaux|Gironde": {
    "lat": 44.840115,
    "lng": -0.570681
  },
  "Saint-Émilion|Gironde": {
    "lat": 44.893864,
    "lng": -0.155836
  },
  "Arcachon|Gironde": {
    "lat": 44.660416,
    "lng": -1.168604
  },
  "Bastide de Libourne|Gironde": {
    "lat": 44.914795,
    "lng": -0.24424
  },
  "Lège-Cap-Ferret|Gironde": {
    "lat": 44.794567,
    "lng": -1.147476
  },
  "Blaye|Gironde": {
    "lat": 45.127174,
    "lng": -0.663154
  },
  "Citadelle de Bourg|Gironde": {
    "lat": 45.039908,
    "lng": -0.561256
  },
  "La Teste-de-Buch|Gironde": {
    "lat": 44.632565,
    "lng": -1.148812
  },
  "Château de Roquetaillade|Gironde": {
    "lat": 44.549882,
    "lng": -0.255147
  },
  "Château de la Brède|Gironde": {
    "lat": 44.624937,
    "lng": -0.437473
  },
  "Bazas|Gironde": {
    "lat": 44.432507,
    "lng": -0.213247
  },
  "Langon|Gironde": {
    "lat": 44.55306,
    "lng": -0.246406
  },
  "Montségur-sur-Lauzon|Gironde": {
    "lat": 44.360573,
    "lng": 4.860299
  },
  "Nérac|Gironde": {
    "lat": 44.609896,
    "lng": -0.316714
  },
  "Sainte-Croix-du-Mont|Gironde": {
    "lat": 44.59372,
    "lng": -0.282731
  },
  "Cadillac|Gironde": {
    "lat": 44.508505,
    "lng": -0.264107
  },
  "Rauzan|Gironde": {
    "lat": 44.779713,
    "lng": -0.125473
  },
  "Castelmoron-d'Albret|Gironde": {
    "lat": 44.679707,
    "lng": -0.011906
  },
  "Gornac|Gironde": {
    "lat": 44.662323,
    "lng": -0.181673
  },
  "Saint-Macaire|Gironde": {
    "lat": 44.56531,
    "lng": -0.227281
  },
  "Verdelais|Gironde": {
    "lat": 44.588287,
    "lng": -0.249802
  },
  "Pujols-sur-Ciron|Gironde": {
    "lat": 44.56264,
    "lng": -0.353716
  },
  "Sainte-Foy-la-Grande|Gironde": {
    "lat": 44.841835,
    "lng": 0.216691
  },
  "Plage de la Salie, La Teste-de-Buch|Gironde": {
    "lat": 44.632565,
    "lng": -1.148812
  },
  "Plage Pereire, Arcachon|Gironde": {
    "lat": 44.660416,
    "lng": -1.168604
  },
  "Plage du Truc Vert, Lège-Cap-Ferret|Gironde": {
    "lat": 44.725821,
    "lng": -1.210636
  },
  "Plage de Lacanau, Lacanau|Gironde": {
    "lat": 45.002965,
    "lng": -1.132335
  },
  "Plage du Petit Nice, La Teste-de-Buch|Gironde": {
    "lat": 44.632565,
    "lng": -1.148812
  },
  "Plage Oceane, Vendays-Montalivet|Gironde": {
    "lat": 45.356106,
    "lng": -1.059825
  },
  "Plage de Porge, Le Porge|Gironde": {
    "lat": 44.872906,
    "lng": -1.092537
  },
  "Plage de la Pointe, Cap Ferret|Gironde": {
    "lat": 44.784484,
    "lng": -0.923981
  },
  "Plage du Grand Crohot, Lège-Cap-Ferret|Gironde": {
    "lat": 44.790126,
    "lng": -1.165478
  },
  "Plage Nord, Soulac-sur-Mer|Gironde": {
    "lat": 45.515617,
    "lng": -1.126604
  },
  "Lacanau|Gironde": {
    "lat": 44.978123,
    "lng": -1.079243
  },
  "Soulac-sur-Mer|Gironde": {
    "lat": 45.515617,
    "lng": -1.126604
  },
  "Pauillac|Gironde": {
    "lat": 45.199234,
    "lng": -0.747987
  }
}