[
    {
        "nom":  "Aiguèze",
        "code_insee":  "30005"
    },
    {
        "nom":  "Ainhoa",
        "code_insee":  "64014"
    },
    {
        "nom":  "Angles-sur-l\u0027Anglin",
        "code_insee":  "86004"
    },
    {
        "nom":  "Ansouis",
        "code_insee":  "84002"
    },
    {
        "nom":  "Apremont-sur-Allier",
        "code_insee":  "18007"
    },
    {
        "nom":  "Arlempdes",
        "code_insee":  "43008"
    },
    {
        "nom":  "Ars-en-Ré",
        "code_insee":  "17019"
    },
    {
        "nom":  "Aubeterre-sur-Dronne",
        "code_insee":  "16020"
    },
    {
        "nom":  "Autoire",
        "code_insee":  "46011"
    },
    {
        "nom":  "Auvillar",
        "code_insee":  "82008"
    },
    {
        "nom":  "Balazuc",
        "code_insee":  "07023"
    },
    {
        "nom":  "Barfleur",
        "code_insee":  "50030"
    },
    {
        "nom":  "Bargème",
        "code_insee":  "83010"
    },
    {
        "nom":  "Baume-les-Messieurs",
        "code_insee":  "39041"
    },
    {
        "nom":  "Belcastel",
        "code_insee":  "12024"
    },
    {
        "nom":  "Belvès",
        "code_insee":  "24035"
    },
    {
        "nom":  "Beuvron-en-Auge",
        "code_insee":  "14070"
    },
    {
        "nom":  "Beynac-et-Cazenac",
        "code_insee":  "24040"
    },
    {
        "nom":  "Blesle",
        "code_insee":  "43033"
    },
    {
        "nom":  "Bonneval-sur-Arc",
        "code_insee":  "73047"
    },
    {
        "nom":  "Brousse-le-Château",
        "code_insee":  "12038"
    },
    {
        "nom":  "Bruniquel",
        "code_insee":  "82026"
    },
    {
        "nom":  "Camon",
        "code_insee":  "09074"
    },
    {
        "nom":  "Candes-Saint-Martin",
        "code_insee":  "37042"
    },
    {
        "nom":  "Capdenac",
        "code_insee":  "46055"
    },
    {
        "nom":  "Cardaillac",
        "code_insee":  "46057"
    },
    {
        "nom":  "Carennac",
        "code_insee":  "46058"
    },
    {
        "nom":  "Castelnau-de-Montmiral",
        "code_insee":  "81064"
    },
    {
        "nom":  "Castelnaud-la-Chapelle",
        "code_insee":  "24086"
    },
    {
        "nom":  "Castelnou",
        "code_insee":  "66044"
    },
    {
        "nom":  "Charroux",
        "code_insee":  "03062"
    },
    {
        "nom":  "Château-Chalon",
        "code_insee":  "39114"
    },
    {
        "nom":  "Châteauneuf",
        "code_insee":  "21152"
    },
    {
        "nom":  "Coaraze",
        "code_insee":  "06043"
    },
    {
        "nom":  "Collonges-la-Rouge",
        "code_insee":  "19057"
    },
    {
        "nom":  "Conques",
        "code_insee":  "12076"
    },
    {
        "nom":  "Crissay-sur-Manse",
        "code_insee":  "37090"
    },
    {
        "nom":  "Curemonte",
        "code_insee":  "19067"
    },
    {
        "nom":  "Domme",
        "code_insee":  "24152"
    },
    {
        "nom":  "Eguisheim",
        "code_insee":  "68078"
    },
    {
        "nom":  "Estaing",
        "code_insee":  "12098"
    },
    {
        "nom":  "Eus",
        "code_insee":  "66074"
    },
    {
        "nom":  "Flavigny-sur-Ozerain",
        "code_insee":  "21271"
    },
    {
        "nom":  "Fourcès",
        "code_insee":  "32133"
    },
    {
        "nom":  "Gargilesse-Dampierre",
        "code_insee":  "36081"
    },
    {
        "nom":  "Gassin",
        "code_insee":  "83065"
    },
    {
        "nom":  "Gerberoy",
        "code_insee":  "60271"
    },
    {
        "nom":  "Gordes",
        "code_insee":  "84050"
    },
    {
        "nom":  "Gourdon",
        "code_insee":  "06068"
    },
    {
        "nom":  "Hell-Bourg",
        "code_insee":  null
    },
    {
        "nom":  "Hunawihr",
        "code_insee":  "68147"
    },
    {
        "nom":  "Hunspach",
        "code_insee":  "67213"
    },
    {
        "nom":  "La Bastide-Clairence",
        "code_insee":  "64289"
    },
    {
        "nom":  "La Couvertoirade",
        "code_insee":  "12082"
    },
    {
        "nom":  "La Flotte",
        "code_insee":  "17161"
    },
    {
        "nom":  "La Garde-Adhémar",
        "code_insee":  "26138"
    },
    {
        "nom":  "La Garde-Guérin",
        "code_insee":  null
    },
    {
        "nom":  "La Grave",
        "code_insee":  "05063"
    },
    {
        "nom":  "La Roche-Guyon",
        "code_insee":  "95523"
    },
    {
        "nom":  "La Roque-Gageac",
        "code_insee":  "24355"
    },
    {
        "nom":  "La Roque-sur-Cèze",
        "code_insee":  "30222"
    },
    {
        "nom":  "Lagrasse",
        "code_insee":  "11185"
    },
    {
        "nom":  "Larressingle",
        "code_insee":  "32194"
    },
    {
        "nom":  "Lautrec",
        "code_insee":  "81139"
    },
    {
        "nom":  "Lauzerte",
        "code_insee":  "82094"
    },
    {
        "nom":  "Lavardens",
        "code_insee":  "32204"
    },
    {
        "nom":  "Lavardin",
        "code_insee":  "41113"
    },
    {
        "nom":  "Lavaudieu",
        "code_insee":  "43117"
    },
    {
        "nom":  "Le Bec-Hellouin",
        "code_insee":  "27052"
    },
    {
        "nom":  "Le Poët-Laval",
        "code_insee":  "26243"
    },
    {
        "nom":  "Les Baux-de-Provence",
        "code_insee":  "13011"
    },
    {
        "nom":  "Limeuil",
        "code_insee":  "24240"
    },
    {
        "nom":  "Locronan",
        "code_insee":  "29134"
    },
    {
        "nom":  "Lods",
        "code_insee":  "25339"
    },
    {
        "nom":  "Loubressac",
        "code_insee":  "46177"
    },
    {
        "nom":  "Lourmarin",
        "code_insee":  "84068"
    },
    {
        "nom":  "Lussan",
        "code_insee":  "30151"
    },
    {
        "nom":  "Lyons-la-Forêt",
        "code_insee":  "27377"
    },
    {
        "nom":  "Minerve",
        "code_insee":  "34158"
    },
    {
        "nom":  "Mirmande",
        "code_insee":  "26185"
    },
    {
        "nom":  "Mittelbergheim",
        "code_insee":  "67295"
    },
    {
        "nom":  "Moncontour",
        "code_insee":  "22153"
    },
    {
        "nom":  "Monestiés",
        "code_insee":  "81170"
    },
    {
        "nom":  "Monflanquin",
        "code_insee":  "47175"
    },
    {
        "nom":  "Monpazier",
        "code_insee":  "24280"
    },
    {
        "nom":  "Montbrun-les-Bains",
        "code_insee":  "26193"
    },
    {
        "nom":  "Montclus",
        "code_insee":  "30175"
    },
    {
        "nom":  "Montpeyroux",
        "code_insee":  "63241"
    },
    {
        "nom":  "Montréal",
        "code_insee":  "32290"
    },
    {
        "nom":  "Montrésor",
        "code_insee":  "37157"
    },
    {
        "nom":  "Montsoreau",
        "code_insee":  "49219"
    },
    {
        "nom":  "Mornac-sur-Seudre",
        "code_insee":  "17247"
    },
    {
        "nom":  "Mortemart",
        "code_insee":  "87101"
    },
    {
        "nom":  "Mosset",
        "code_insee":  "66119"
    },
    {
        "nom":  "Moustiers-Sainte-Marie",
        "code_insee":  "04135"
    },
    {
        "nom":  "Ménerbes",
        "code_insee":  "84073"
    },
    {
        "nom":  "Najac",
        "code_insee":  "12167"
    },
    {
        "nom":  "Navarrenx",
        "code_insee":  "64416"
    },
    {
        "nom":  "Noyers",
        "code_insee":  "89279"
    },
    {
        "nom":  "Oingt",
        "code_insee":  "69146"
    },
    {
        "nom":  "Olargues",
        "code_insee":  "34187"
    },
    {
        "nom":  "Parfondeval",
        "code_insee":  "02586"
    },
    {
        "nom":  "Pesmes",
        "code_insee":  "70408"
    },
    {
        "nom":  "Peyre",
        "code_insee":  null
    },
    {
        "nom":  "Piana",
        "code_insee":  "2A212"
    },
    {
        "nom":  "Pradelles",
        "code_insee":  "43154"
    },
    {
        "nom":  "Pujols-le-Haut",
        "code_insee":  null
    },
    {
        "nom":  "Puycelsi",
        "code_insee":  "81217"
    },
    {
        "nom":  "Pérouges",
        "code_insee":  "01290"
    },
    {
        "nom":  "Riquewihr",
        "code_insee":  "68277"
    },
    {
        "nom":  "Rochefort-en-Terre",
        "code_insee":  "56196"
    },
    {
        "nom":  "Rodemack",
        "code_insee":  "57588"
    },
    {
        "nom":  "Roussillon",
        "code_insee":  "84102"
    },
    {
        "nom":  "Saint-Amand-de-Coly",
        "code_insee":  "24364"
    },
    {
        "nom":  "Saint-Antoine-l\u0027Abbaye",
        "code_insee":  "38359"
    },
    {
        "nom":  "Saint-Benoît-du-Sault",
        "code_insee":  "36182"
    },
    {
        "nom":  "Saint-Cirq-Lapopie",
        "code_insee":  "46256"
    },
    {
        "nom":  "Saint-Céneri-le-Gérei",
        "code_insee":  "61372"
    },
    {
        "nom":  "Saint-Côme-d\u0027Olt",
        "code_insee":  "12216"
    },
    {
        "nom":  "Saint-Guilhem-le-Désert",
        "code_insee":  "34261"
    },
    {
        "nom":  "Saint-Jean-Pied-de-Port",
        "code_insee":  "64485"
    },
    {
        "nom":  "Saint-Jean-de-Côle",
        "code_insee":  "24425"
    },
    {
        "nom":  "Saint-Léon-sur-Vézère",
        "code_insee":  "24443"
    },
    {
        "nom":  "Saint-Quirin",
        "code_insee":  "57623"
    },
    {
        "nom":  "Saint-Robert",
        "code_insee":  "19239"
    },
    {
        "nom":  "Saint-Suliac",
        "code_insee":  "35314"
    },
    {
        "nom":  "Saint-Véran",
        "code_insee":  "05157"
    },
    {
        "nom":  "Sainte-Agnès",
        "code_insee":  "06113"
    },
    {
        "nom":  "Sainte-Croix-en-Jarez",
        "code_insee":  "42210"
    },
    {
        "nom":  "Sainte-Enimie",
        "code_insee":  "48146"
    },
    {
        "nom":  "Sainte-Eulalie-d\u0027Olt",
        "code_insee":  "12219"
    },
    {
        "nom":  "Sainte-Suzanne",
        "code_insee":  "53255"
    },
    {
        "nom":  "Salers",
        "code_insee":  "15219"
    },
    {
        "nom":  "Sant\u0027Antonino",
        "code_insee":  "2B296"
    },
    {
        "nom":  "Sare",
        "code_insee":  "64504"
    },
    {
        "nom":  "Sarrant",
        "code_insee":  "32416"
    },
    {
        "nom":  "Sauveterre-de-Rouergue",
        "code_insee":  "12262"
    },
    {
        "nom":  "Seillans",
        "code_insee":  "83124"
    },
    {
        "nom":  "Semur-en-Brionnais",
        "code_insee":  "71510"
    },
    {
        "nom":  "Sixt-Fer-à-Cheval",
        "code_insee":  "74273"
    },
    {
        "nom":  "Ségur-le-Château",
        "code_insee":  "19254"
    },
    {
        "nom":  "Séguret",
        "code_insee":  "84126"
    },
    {
        "nom":  "Talmont-sur-Gironde",
        "code_insee":  "17437"
    },
    {
        "nom":  "Tournemire",
        "code_insee":  "15238"
    },
    {
        "nom":  "Tourtour",
        "code_insee":  "83139"
    },
    {
        "nom":  "Turenne",
        "code_insee":  "19273"
    },
    {
        "nom":  "Usson",
        "code_insee":  "63439"
    },
    {
        "nom":  "Venasque",
        "code_insee":  "84143"
    },
    {
        "nom":  "Villefranche-de-Conflent",
        "code_insee":  "66223"
    },
    {
        "nom":  "Vogüé",
        "code_insee":  "07348"
    },
    {
        "nom":  "Vouvant",
        "code_insee":  "85305"
    },
    {
        "nom":  "Vézelay",
        "code_insee":  "89446"
    },
    {
        "nom":  "Yvoire",
        "code_insee":  "74315"
    },
    {
        "nom":  "Yèvre-le-Châtel",
        "code_insee":  "45349"
    },
    {
        "nom":  "Évol",
        "code_insee":  null
    }
]
